type,n,rt_mean,rt_median,rt_sd,rt_trimmed_mean,rt_trimmed_median,accuracy
pseudoword,1549375,1011.815266155708,803,3091.968859347893,934.0688864677032,797,0.9419075433642597
word,1549375,906.914467446551,717,45496.1413894471,816.9300679139739,715,0.9297858814037918
