n_items,n_trials,mean_reps,median_reps,sd_reps,min_reps,max_reps
77500,3098750,39.983870967741936,40,2.0774554986298583,35,50
