type,n,n_participants,accuracy
pseudoword,1584375,2531,0.9328605917159764
word,1584375,2531,0.9243764891518738
