type,n,n_participants,accuracy
pseudoword,1585000,2536,0.9328744479495268
word,1585000,2536,0.9243804416403786
