type,n,n_participants,accuracy
pseudoword,1583125,2533,0.932862534544019
word,1583125,2533,0.9244203711014607
